ID,Name,Age,Salary
1,Barbara_Iqbal_1,63,191038.67
2,Sana_Ahmed_2,46,128083.21
3,Robert_Johnson_3,20,220558.75
4,David_Malik_4,24,173195.46
5,James_Johnson_5,64,213137.38
6,Omar_Jones_6,18,248286.54
7,Jennifer_Malik_7,32,145446.42
8,James_Rodriguez_8,19,145450.43
9,Charles_Davis_9,24,94271.82
10,Mariam_Davis_10,29,49933.42
11,Sana_Malik_11,27,143131.58
12,Mariam_Ahmed_12,40,219186.89
13,Charles_Raza_13,26,44311.35
14,James_Qureshi_14,63,153923.41
15,Hamza_Davis_15,32,51487.87
16,Michael_Raza_16,29,180317.98
17,Patricia_Malik_17,41,37565.48
18,Jennifer_Qureshi_18,36,70091.94
19,Karen_Iqbal_19,32,144414.96
20,Michael_Khan_20,45,36888.92
21,Mariam_Butt_21,55,236689.77
22,Barbara_Sheikh_22,62,189999.84
23,Zainab_Miller_23,22,73116.23
24,Jessica_Smith_24,64,215797.45
25,Barbara_Chaudhry_25,31,212322.25
26,Sarah_Davis_26,64,163547.53
27,Thomas_Garcia_27,24,206483.34
28,Robert_Johnson_28,18,123148.32
29,Sana_Davis_29,27,31214.87
30,James_Butt_30,27,186495.23
31,Ayesha_Iqbal_31,55,46289.82
32,Zainab_Davis_32,49,231291.13
33,Fatima_Sheikh_33,47,102797.57
34,John_Johnson_34,35,177145.08
35,Elizabeth_Raza_35,53,170262.64
36,William_Sheikh_36,44,114243.91
37,Patricia_Hussain_37,52,197372.71
38,Ayesha_Ahmed_38,29,86335.03
39,Joseph_Smith_39,43,124059.02
40,Patricia_Smith_40,39,74378.23
41,James_Sheikh_41,48,99158.32
42,Thomas_Khan_42,51,60652.92
43,Linda_Malik_43,37,196221.25
44,Michael_Jones_44,63,161750.40
45,William_Raza_45,25,234533.48
46,Charles_Butt_46,32,53208.74
47,Usman_Martinez_47,56,71045.41
48,Richard_Sheikh_48,60,101355.90
49,Hamza_Williams_49,61,99960.76
50,Zainab_Williams_50,31,172491.83
51,Richard_Smith_51,57,219360.73
52,Elizabeth_Smith_52,25,147499.67
53,Richard_Martinez_53,28,56370.38
54,William_Miller_54,29,67024.03
55,Elizabeth_Jones_55,42,184664.17
56,Richard_Davis_56,21,85861.39
57,Omar_Jones_57,30,139394.67
58,Ayesha_Miller_58,25,249502.91
59,Mary_Garcia_59,47,140589.38
60,Richard_Johnson_60,19,105915.67
61,Zainab_Malik_61,29,61876.87
62,Jessica_Martinez_62,39,151636.48
63,Linda_Ahmed_63,50,197556.32
64,Barbara_Jones_64,29,206690.75
65,Barbara_Martinez_65,48,169376.54
66,Barbara_Khan_66,57,205635.93
67,Fatima_Brown_67,33,71034.07
68,Ali_Smith_68,59,101710.96
69,Ali_Jones_69,18,142660.47
70,Hamza_Jones_70,34,51158.84
71,Jennifer_Qureshi_71,51,115081.78
72,Jessica_Qureshi_72,58,178651.83
73,David_Chaudhry_73,23,233432.60
74,Thomas_Sheikh_74,51,80281.00
75,Karen_Brown_75,57,152144.18
76,Jessica_Khan_76,30,249175.81
77,John_Hussain_77,61,228091.97
78,Usman_Malik_78,27,91351.70
79,David_Chaudhry_79,52,227364.26
80,Fatima_Sheikh_80,37,225309.42
81,Karen_Sheikh_81,22,65558.32
82,Sana_Sheikh_82,50,157751.06
83,James_Davis_83,22,175970.39
84,Mariam_Smith_84,31,97180.05
85,Thomas_Martinez_85,51,173431.48
86,Mariam_Jones_86,26,33976.58
87,Linda_Martinez_87,33,194228.11
88,David_Malik_88,53,188606.78
89,Karen_Miller_89,45,50608.45
90,Jessica_Davis_90,48,85101.60
91,Linda_Ahmed_91,64,116481.50
92,Joseph_Sheikh_92,61,125566.76
93,Sana_Davis_93,42,156918.85
94,Ali_Martinez_94,59,80640.76
95,Ayesha_Martinez_95,31,35349.51
96,Sana_Malik_96,20,248801.11
97,Omar_Martinez_97,63,231270.17
98,Usman_Davis_98,53,239675.81
99,Zainab_Miller_99,38,242664.06
100,Sarah_Hussain_100,65,46576.18
101,William_Miller_101,36,217250.07
102,William_Miller_102,41,111991.11
103,Thomas_Davis_103,62,183126.56
104,Zainab_Ahmed_104,21,75962.12
105,Charles_Raza_105,65,60818.48
106,Linda_Khan_106,32,100961.17
107,Bilal_Butt_107,51,184546.50
108,Ayesha_Davis_108,44,95232.23
109,Hamza_Rodriguez_109,56,220755.91
110,Charles_Qureshi_110,21,31140.67
111,Jessica_Malik_111,56,172992.06
112,John_Chaudhry_112,37,41169.08
113,Usman_Sheikh_113,34,112628.25
114,Sarah_Johnson_114,39,177845.75
115,Mary_Miller_115,40,149381.82
116,Mariam_Garcia_116,58,219289.02
117,James_Garcia_117,19,210972.12
118,Elizabeth_Davis_118,43,101863.27
119,Jessica_Butt_119,54,77480.63
120,Omar_Malik_120,39,215245.08
121,Mary_Brown_121,43,148939.73
122,Ali_Malik_122,24,59203.99
123,Mariam_Hussain_123,42,101050.43
124,Mary_Iqbal_124,37,125374.56
125,Susan_Chaudhry_125,21,35577.16
126,Jennifer_Hussain_126,21,124229.18
127,Ali_Raza_127,37,68124.75
128,Zainab_Brown_128,39,82753.22
129,Thomas_Johnson_129,52,175243.42
130,Omar_Garcia_130,48,143673.18
131,Bilal_Raza_131,44,164578.56
132,Ayesha_Rodriguez_132,20,154528.19
133,David_Brown_133,54,33166.57
134,David_Williams_134,22,50714.54
135,Mary_Miller_135,59,184804.73
136,Jennifer_Martinez_136,18,197940.17
137,Joseph_Butt_137,40,68104.41
138,Susan_Rodriguez_138,49,40572.96
139,Charles_Qureshi_139,48,39966.88
140,Linda_Davis_140,18,235355.99
141,Jessica_Khan_141,59,174912.60
142,Ali_Brown_142,47,237656.15
143,Karen_Qureshi_143,19,158870.63
144,Karen_Qureshi_144,56,178977.04
145,Barbara_Ahmed_145,48,130815.63
146,Hamza_Khan_146,57,167706.73
147,Barbara_Butt_147,64,229177.14
148,Michael_Brown_148,31,77209.61
149,Patricia_Davis_149,18,50777.45
150,Charles_Raza_150,34,174258.98
151,Elizabeth_Davis_151,58,35119.83
152,David_Butt_152,30,139128.24
153,Patricia_Raza_153,51,168367.43
154,Omar_Sheikh_154,19,121948.13
155,Hamza_Hussain_155,31,69036.70
156,Richard_Iqbal_156,45,156703.41
157,Mariam_Chaudhry_157,37,111843.98
158,Linda_Iqbal_158,45,220765.65
159,Zainab_Ahmed_159,59,124378.69
160,Ali_Iqbal_160,53,82411.95
161,Patricia_Davis_161,61,141155.52
162,Joseph_Butt_162,36,95479.74
163,Usman_Johnson_163,36,32384.28
164,Omar_Qureshi_164,58,108079.14
165,Elizabeth_Hussain_165,63,239133.57
166,Joseph_Ahmed_166,41,48322.57
167,Susan_Johnson_167,32,102306.20
168,Thomas_Raza_168,28,238162.80
169,Sana_Iqbal_169,55,50065.34
170,Zainab_Martinez_170,64,249104.87
171,Thomas_Johnson_171,39,225294.92
172,Thomas_Davis_172,51,243103.43
173,Robert_Raza_173,54,166007.97
174,Usman_Williams_174,58,123740.12
175,Ayesha_Jones_175,21,210809.21
176,Usman_Chaudhry_176,25,142931.76
177,John_Jones_177,65,112339.57
178,Fatima_Davis_178,60,82070.74
179,Omar_Qureshi_179,65,195743.20
180,David_Davis_180,51,135966.74
181,Sana_Davis_181,44,123328.84
182,Linda_Qureshi_182,33,125579.41
183,Joseph_Garcia_183,18,133105.34
184,Sarah_Johnson_184,53,198782.87
185,Patricia_Butt_185,49,194129.87
186,Ali_Ahmed_186,29,118049.04
187,Barbara_Martinez_187,31,221091.81
188,Jessica_Jones_188,38,206464.04
189,James_Hussain_189,64,39495.18
190,Elizabeth_Sheikh_190,20,233421.53
191,Mariam_Qureshi_191,21,151847.94
192,Ali_Hussain_192,21,66567.39
193,Charles_Jones_193,51,129999.03
194,Mariam_Malik_194,51,114524.40
195,Zainab_Chaudhry_195,20,91811.90
196,Omar_Hussain_196,20,116794.80
197,Susan_Williams_197,47,91023.86
198,Jennifer_Brown_198,49,115419.04
199,David_Jones_199,46,47101.62
200,David_Hussain_200,30,129712.99
201,Ali_Smith_201,43,98096.07
202,Richard_Butt_202,46,89610.68
203,Robert_Williams_203,61,210958.19
204,Omar_Qureshi_204,37,157855.78
205,Charles_Qureshi_205,38,235200.27
206,Usman_Sheikh_206,44,66263.54
207,James_Rodriguez_207,36,208321.73
208,Joseph_Hussain_208,65,112882.57
209,Sarah_Chaudhry_209,36,243381.17
210,Hamza_Butt_210,45,43972.60
211,Joseph_Smith_211,37,90149.56
212,James_Johnson_212,21,182177.17
213,Hamza_Khan_213,65,249260.10
214,Zainab_Ahmed_214,46,189746.59
215,Omar_Iqbal_215,58,84416.58
216,Linda_Martinez_216,27,85317.34
217,Omar_Garcia_217,47,80301.42
218,Usman_Raza_218,54,40317.22
219,David_Garcia_219,23,177746.10
220,Joseph_Khan_220,40,212901.73
221,Jessica_Miller_221,58,151419.50
222,Mariam_Ahmed_222,22,204199.93
223,Richard_Ahmed_223,24,36332.19
224,Richard_Iqbal_224,55,170659.50
225,Ayesha_Butt_225,28,60001.72
226,Charles_Smith_226,65,163779.33
227,Sarah_Malik_227,36,126244.48
228,John_Qureshi_228,52,150438.19
229,Jessica_Martinez_229,55,117239.41
230,William_Malik_230,43,183481.21
231,Omar_Iqbal_231,25,233849.28
232,Fatima_Martinez_232,54,44571.92
233,Susan_Smith_233,65,138375.98
234,David_Miller_234,28,157522.99
235,Linda_Miller_235,21,58353.54
236,Susan_Williams_236,46,118066.11
237,Robert_Raza_237,48,70013.62
238,Ali_Miller_238,37,222349.87
239,Joseph_Khan_239,50,67910.37
240,Charles_Brown_240,28,210793.94
241,Jennifer_Miller_241,31,68942.31
242,James_Johnson_242,44,147573.17
243,Susan_Davis_243,27,110139.37
244,Patricia_Khan_244,33,100748.21
245,Mary_Johnson_245,56,168138.09
246,Ali_Johnson_246,42,64535.09
247,Zainab_Davis_247,20,90913.08
248,Usman_Butt_248,22,161401.18
249,Jennifer_Hussain_249,28,111503.86
250,Zainab_Martinez_250,29,197190.19
251,Barbara_Khan_251,40,194443.61
252,Mary_Smith_252,25,59285.72
253,Ayesha_Raza_253,60,142569.04
254,Bilal_Khan_254,19,220787.30
255,Susan_Davis_255,43,83343.51
256,Patricia_Garcia_256,53,70102.45
257,James_Ahmed_257,33,76518.56
258,John_Miller_258,43,81307.61
259,Usman_Miller_259,46,179402.51
260,David_Iqbal_260,49,135508.06
261,John_Ahmed_261,43,159105.05
262,Thomas_Chaudhry_262,46,154180.88
263,Patricia_Davis_263,31,109878.10
264,Usman_Malik_264,47,83757.69
265,David_Martinez_265,65,163270.46
266,Omar_Jones_266,18,79573.22
267,Robert_Davis_267,29,65349.90
268,Fatima_Brown_268,22,207290.28
269,Jennifer_Johnson_269,61,47651.43
270,Mary_Khan_270,18,183331.52
271,Mariam_Hussain_271,23,117528.23
272,Sarah_Hussain_272,62,31166.00
273,Hamza_Hussain_273,30,67595.27
274,Ayesha_Raza_274,57,188060.60
275,Thomas_Khan_275,45,91595.40
276,Fatima_Iqbal_276,27,242958.70
277,Elizabeth_Chaudhry_277,38,141674.28
278,Bilal_Jones_278,43,185590.62
279,Charles_Iqbal_279,31,157872.41
280,Jessica_Brown_280,62,100541.28
281,Jessica_Ahmed_281,20,104052.94
282,Susan_Williams_282,44,150762.83
283,Mariam_Jones_283,33,208172.38
284,John_Garcia_284,24,30596.40
285,Bilal_Williams_285,46,133746.76
286,Charles_Rodriguez_286,56,53473.84
287,Zainab_Sheikh_287,57,242305.92
288,Richard_Williams_288,62,248004.48
289,Omar_Jones_289,26,44629.18
290,Zainab_Chaudhry_290,52,40580.82
291,Fatima_Iqbal_291,24,204958.81
292,Bilal_Jones_292,56,211529.19
293,Robert_Brown_293,57,176343.39
294,Karen_Khan_294,61,99563.25
295,Usman_Ahmed_295,36,209651.88
296,Susan_Rodriguez_296,52,227926.84
297,Susan_Malik_297,32,194474.06
298,Susan_Khan_298,45,108179.74
299,Usman_Davis_299,36,149581.63
300,Mary_Qureshi_300,28,149426.85
301,Patricia_Rodriguez_301,63,168095.77
302,Ayesha_Miller_302,51,66680.77
303,Sana_Sheikh_303,47,147361.44
304,Bilal_Sheikh_304,45,249492.38
305,Robert_Iqbal_305,32,84667.61
306,Sana_Chaudhry_306,24,74999.81
307,Sarah_Chaudhry_307,54,222888.44
308,Bilal_Miller_308,22,148025.90
309,Patricia_Davis_309,58,58047.51
310,Charles_Davis_310,42,148769.34
311,Robert_Martinez_311,29,188895.56
312,Sana_Chaudhry_312,18,161657.39
313,Ali_Ahmed_313,44,85395.79
314,Sarah_Miller_314,57,240996.45
315,Zainab_Miller_315,46,118187.31
316,Richard_Martinez_316,31,165289.06
317,Robert_Qureshi_317,46,141295.51
318,Patricia_Malik_318,30,189741.03
319,Usman_Ahmed_319,62,154329.30
320,Zainab_Raza_320,55,35064.97
321,Ayesha_Raza_321,25,156783.44
322,Barbara_Malik_322,21,47010.63
323,Bilal_Williams_323,62,233625.07
324,Zainab_Martinez_324,23,81899.33
325,Mariam_Brown_325,58,57425.79
326,Fatima_Qureshi_326,33,98517.74
327,Jessica_Jones_327,46,117780.60
328,Barbara_Johnson_328,53,75227.56
329,Hamza_Iqbal_329,18,103369.82
330,Patricia_Davis_330,37,219973.99
331,Zainab_Qureshi_331,34,106329.70
332,Joseph_Chaudhry_332,62,159155.01
333,Michael_Smith_333,39,60988.55
334,Linda_Brown_334,45,66412.93
335,Richard_Smith_335,61,109726.66
336,Sana_Ahmed_336,31,78421.39
337,James_Jones_337,49,69167.91
338,Mariam_Hussain_338,40,152607.18
339,Richard_Sheikh_339,22,249312.34
340,Jennifer_Khan_340,32,98186.13
341,John_Davis_341,53,76179.23
342,Sana_Sheikh_342,34,133011.00
343,Jennifer_Malik_343,19,133854.73
344,Fatima_Ahmed_344,46,94689.83
345,Sana_Chaudhry_345,39,145365.86
346,Thomas_Rodriguez_346,41,139342.63
347,Thomas_Iqbal_347,25,70024.19
348,David_Sheikh_348,21,195714.17
349,Barbara_Garcia_349,30,171679.90
350,Jessica_Rodriguez_350,56,245364.92
351,Robert_Butt_351,52,174963.27
352,Richard_Smith_352,44,85855.48
353,Michael_Brown_353,50,34336.32
354,Sarah_Williams_354,34,155277.57
355,Jennifer_Sheikh_355,49,82400.21
356,Ayesha_Johnson_356,56,247520.33
357,Ayesha_Malik_357,59,212648.37
358,Omar_Davis_358,63,61038.01
359,Michael_Rodriguez_359,32,227193.88
360,John_Smith_360,48,191899.01
361,Michael_Butt_361,19,69915.80
362,Usman_Ahmed_362,48,184868.15
363,Usman_Qureshi_363,57,105199.82
364,David_Garcia_364,57,109873.03
365,Sarah_Smith_365,30,167312.76
366,David_Rodriguez_366,55,109806.74
367,Susan_Sheikh_367,32,238659.73
368,Mariam_Iqbal_368,55,55132.34
369,Usman_Ahmed_369,41,226801.49
370,Joseph_Iqbal_370,26,136651.24
371,James_Khan_371,30,149159.53
372,Ali_Malik_372,37,77965.08
373,Robert_Malik_373,58,246568.48
374,Patricia_Khan_374,61,182068.81
375,William_Raza_375,18,231145.74
376,Jessica_Williams_376,57,139579.97
377,William_Johnson_377,44,173312.49
378,Joseph_Butt_378,52,53447.32
379,James_Williams_379,24,228004.10
380,Linda_Sheikh_380,53,85160.74
381,Charles_Malik_381,49,68581.68
382,Sarah_Qureshi_382,58,118963.93
383,Barbara_Iqbal_383,42,40332.51
384,David_Brown_384,64,70561.60
385,John_Johnson_385,46,83976.81
386,John_Davis_386,58,126182.55
387,David_Qureshi_387,52,95366.78
388,Charles_Ahmed_388,63,117262.86
389,Karen_Hussain_389,62,191165.86
390,Joseph_Jones_390,30,148765.41
391,Linda_Brown_391,46,41313.68
392,Fatima_Martinez_392,63,64027.87
393,David_Malik_393,55,53451.62
394,David_Johnson_394,34,120814.58
395,Joseph_Chaudhry_395,51,125662.01
396,Susan_Jones_396,21,47108.38
397,Sana_Smith_397,51,89871.93
398,James_Ahmed_398,22,99211.24
399,John_Butt_399,62,60100.10
400,Sana_Hussain_400,51,144686.15
401,Jennifer_Johnson_401,44,222048.08
402,Bilal_Chaudhry_402,48,196987.89
403,Karen_Chaudhry_403,51,216823.04
404,Mariam_Jones_404,61,172266.28
405,Michael_Raza_405,65,237693.05
406,Ali_Smith_406,20,159418.03
407,Zainab_Hussain_407,26,154947.95
408,Joseph_Qureshi_408,33,56514.97
409,Ali_Chaudhry_409,32,233367.16
410,Patricia_Hussain_410,38,204975.21
411,Joseph_Chaudhry_411,59,215800.87
412,Susan_Miller_412,43,171800.26
413,Mary_Raza_413,46,80601.94
414,Thomas_Williams_414,41,224699.64
415,Ali_Khan_415,34,189448.69
416,Richard_Johnson_416,45,206874.94
417,Thomas_Khan_417,55,100125.55
418,Bilal_Malik_418,42,123899.75
419,Charles_Sheikh_419,29,35368.17
420,Susan_Sheikh_420,65,30052.26
421,Usman_Brown_421,43,236594.89
422,Zainab_Iqbal_422,21,32086.80
423,David_Johnson_423,54,118424.80
424,Mary_Martinez_424,41,157766.58
425,Usman_Garcia_425,65,199020.15
426,John_Rodriguez_426,34,144954.22
427,Bilal_Chaudhry_427,29,54304.30
428,Joseph_Davis_428,32,217620.80
429,William_Chaudhry_429,29,39260.50
430,William_Smith_430,61,39922.15
431,Richard_Williams_431,36,179522.40
432,Patricia_Jones_432,63,205557.65
433,Sana_Garcia_433,22,121867.77
434,Mariam_Sheikh_434,60,162175.66
435,Joseph_Qureshi_435,47,66747.47
436,Bilal_Hussain_436,21,118347.65
437,Omar_Butt_437,49,163702.09
438,Hamza_Khan_438,23,40327.98
439,Jennifer_Davis_439,28,71016.42
440,Omar_Iqbal_440,57,206169.33
441,Mary_Malik_441,64,224432.89
442,Jessica_Qureshi_442,46,145506.93
443,Jennifer_Garcia_443,37,196812.46
444,Joseph_Raza_444,65,227435.95
445,Hamza_Martinez_445,28,79239.88
446,Bilal_Khan_446,19,226882.72
447,Sarah_Sheikh_447,22,223041.39
448,Barbara_Garcia_448,31,134868.90
449,Usman_Smith_449,63,219668.08
450,Mary_Butt_450,33,234949.69
451,Thomas_Chaudhry_451,22,119859.71
452,Linda_Davis_452,18,183057.14
453,Ayesha_Smith_453,41,47830.17
454,Omar_Jones_454,23,226785.59
455,John_Hussain_455,58,138932.23
456,Usman_Martinez_456,42,229433.02
457,Hamza_Ahmed_457,34,179163.55
458,Thomas_Ahmed_458,59,191460.18
459,Usman_Khan_459,56,174859.40
460,Linda_Sheikh_460,25,65288.02
461,Ayesha_Miller_461,58,183443.72
462,Zainab_Raza_462,23,183777.96
463,Bilal_Brown_463,25,223791.57
464,Omar_Sheikh_464,40,223395.73
465,Hamza_Smith_465,24,103726.15
466,Michael_Chaudhry_466,61,30246.42
467,Hamza_Ahmed_467,57,141642.90
468,Linda_Smith_468,27,48501.61
469,Charles_Miller_469,65,168998.98
470,Patricia_Garcia_470,36,31995.93
471,Thomas_Butt_471,55,53535.74
472,William_Iqbal_472,18,125092.97
473,Omar_Butt_473,34,169176.82
474,Jennifer_Qureshi_474,54,203537.54
475,Omar_Brown_475,51,44924.15
476,Omar_Miller_476,25,199616.54
477,John_Chaudhry_477,45,106094.27
478,Mary_Malik_478,21,217531.22
479,Usman_Hussain_479,64,243153.13
480,Susan_Chaudhry_480,49,160767.09
481,Bilal_Davis_481,19,34867.18
482,Hamza_Miller_482,35,210132.84
483,Sana_Garcia_483,50,128098.60
484,Robert_Garcia_484,40,237746.80
485,Richard_Williams_485,39,65997.24
486,Jessica_Iqbal_486,57,95642.38
487,Michael_Butt_487,21,179709.85
488,Michael_Raza_488,24,220971.95
489,Omar_Hussain_489,25,125113.66
490,Ayesha_Qureshi_490,61,218619.22
491,Karen_Hussain_491,37,90327.35
492,Susan_Hussain_492,32,100563.40
493,Usman_Chaudhry_493,29,76883.04
494,Michael_Smith_494,59,187283.29
495,Barbara_Ahmed_495,59,134106.18
496,Thomas_Hussain_496,25,74814.27
497,Usman_Johnson_497,55,199602.81
498,Susan_Butt_498,43,33929.62
499,Charles_Iqbal_499,24,37155.76
500,Zainab_Qureshi_500,64,70800.95
501,Sana_Martinez_501,41,55807.80
502,Sarah_Williams_502,47,84458.79
503,Richard_Ahmed_503,27,138150.80
504,Robert_Johnson_504,49,101703.60
505,William_Ahmed_505,56,98279.63
506,Mariam_Martinez_506,25,132211.69
507,John_Raza_507,36,135586.54
508,Mariam_Malik_508,52,174536.45
509,Ali_Iqbal_509,59,201567.22
510,Zainab_Smith_510,52,194815.56
511,Patricia_Williams_511,29,247065.77
512,Sarah_Williams_512,18,136118.40
513,Charles_Jones_513,51,153122.71
514,Sana_Smith_514,63,45931.58
515,Jessica_Khan_515,22,107137.93
516,John_Smith_516,57,108716.30
517,Barbara_Miller_517,24,154858.99
518,Michael_Raza_518,51,210716.96
519,Michael_Smith_519,26,53004.92
520,Omar_Malik_520,23,227168.69
521,James_Ahmed_521,62,41433.68
522,Charles_Khan_522,32,235744.40
523,Usman_Qureshi_523,52,206380.18
524,Sana_Miller_524,47,136567.66
525,John_Raza_525,60,150470.32
526,Sarah_Butt_526,55,135798.84
527,Karen_Smith_527,43,190949.69
528,Susan_Johnson_528,52,160521.30
529,Linda_Raza_529,25,221792.38
530,Charles_Jones_530,33,133440.17
531,David_Chaudhry_531,26,203733.67
532,Susan_Raza_532,20,65567.96
533,Thomas_Smith_533,52,80260.04
534,Elizabeth_Hussain_534,44,138520.91
535,Karen_Johnson_535,27,179650.21
536,Michael_Johnson_536,38,74787.22
537,Linda_Butt_537,40,221019.95
538,Omar_Chaudhry_538,37,216173.96
539,Richard_Malik_539,34,111628.53
540,Sana_Hussain_540,42,149526.11
541,Usman_Khan_541,45,126495.39
542,James_Chaudhry_542,36,163361.52
543,Usman_Ahmed_543,61,122778.60
544,Karen_Garcia_544,65,92448.00
545,Zainab_Davis_545,28,167052.65
546,Susan_Malik_546,58,81874.26
547,Patricia_Iqbal_547,52,229987.15
548,Charles_Brown_548,48,112026.70
549,Mariam_Khan_549,26,217964.72
550,John_Martinez_550,38,51426.55
551,Usman_Rodriguez_551,39,143259.82
552,Sarah_Davis_552,49,50957.53
553,Robert_Raza_553,36,243270.71
554,Barbara_Garcia_554,59,31986.69
555,Elizabeth_Ahmed_555,55,58792.21
556,Barbara_Hussain_556,29,81628.29
557,Linda_Sheikh_557,21,67346.74
558,Elizabeth_Khan_558,39,177265.89
559,Hamza_Williams_559,38,84717.14
560,Sarah_Malik_560,63,85556.11
561,Jennifer_Davis_561,26,38067.71
562,Charles_Chaudhry_562,35,147372.62
563,Joseph_Iqbal_563,58,207247.43
564,Susan_Ahmed_564,59,152790.85
565,Michael_Khan_565,23,89344.91
566,Mariam_Johnson_566,23,80848.80
567,Omar_Johnson_567,19,56864.18
568,Michael_Martinez_568,26,49482.23
569,Elizabeth_Williams_569,42,39146.03
570,Ali_Williams_570,37,135577.36
571,Omar_Raza_571,18,239398.59
572,Elizabeth_Malik_572,64,157624.69
573,Susan_Garcia_573,42,137546.25
574,David_Raza_574,43,57663.13
575,James_Williams_575,32,185029.77
576,Omar_Jones_576,53,65724.02
577,Mariam_Brown_577,22,177972.47
578,Robert_Rodriguez_578,29,241936.30
579,Jennifer_Garcia_579,51,214385.36
580,Mariam_Qureshi_580,35,33853.52
581,Joseph_Jones_581,47,221159.10
582,Fatima_Ahmed_582,54,54884.16
583,Zainab_Iqbal_583,51,178832.94
584,Charles_Jones_584,63,211904.55
585,Barbara_Raza_585,49,53450.47
586,David_Raza_586,25,163089.86
587,Mary_Miller_587,64,119519.75
588,Mariam_Sheikh_588,54,49905.97
589,Sarah_Garcia_589,53,223273.42
590,Karen_Rodriguez_590,54,233648.46
591,Ali_Rodriguez_591,56,197702.73
592,Usman_Iqbal_592,33,221158.14
593,Hamza_Davis_593,23,149787.60
594,Karen_Smith_594,33,168645.92
595,David_Malik_595,37,183002.79
596,Barbara_Davis_596,44,161226.80
597,Linda_Khan_597,35,79999.32
598,James_Johnson_598,46,67057.76
599,Ali_Malik_599,47,131968.69
600,Jessica_Davis_600,44,239325.28
601,Jessica_Butt_601,41,35641.25
602,Hamza_Miller_602,23,62778.21
603,Barbara_Khan_603,45,147392.56
604,Joseph_Malik_604,36,150871.13
605,Hamza_Chaudhry_605,52,240215.21
606,Jessica_Smith_606,57,124789.66
607,James_Sheikh_607,49,227566.72
608,Omar_Jones_608,49,113616.39
609,Mary_Brown_609,62,107356.99
610,Jennifer_Williams_610,25,165817.39
611,Linda_Khan_611,31,97603.79
612,Zainab_Butt_612,43,157805.05
613,Elizabeth_Johnson_613,47,187553.15
614,Barbara_Garcia_614,64,211098.28
615,Patricia_Khan_615,26,179845.93
616,Fatima_Brown_616,56,70608.73
617,Ayesha_Garcia_617,23,154808.69
618,Jennifer_Garcia_618,62,123396.03
619,Joseph_Johnson_619,56,151049.84
620,Barbara_Smith_620,43,54706.95
621,Omar_Smith_621,46,210221.55
622,Jessica_Sheikh_622,46,204623.65
623,Michael_Malik_623,47,120426.26
624,David_Butt_624,61,199387.83
625,David_Ahmed_625,29,201715.61
626,Elizabeth_Garcia_626,53,217258.34
627,Richard_Raza_627,50,51017.77
628,Bilal_Malik_628,25,123267.86
629,Sarah_Brown_629,26,192112.22
630,Usman_Sheikh_630,40,147778.78
631,John_Brown_631,19,171233.73
632,Michael_Malik_632,27,170351.37
633,Michael_Garcia_633,36,160784.80
634,Mary_Martinez_634,24,90398.86
635,Robert_Ahmed_635,51,118950.13
636,Susan_Rodriguez_636,39,189393.71
637,Ali_Smith_637,65,58246.74
638,Hamza_Williams_638,46,104189.97
639,Sarah_Qureshi_639,31,47472.26
640,Linda_Johnson_640,48,161065.16
641,Jennifer_Rodriguez_641,33,79864.41
642,David_Davis_642,47,127330.19
643,Jessica_Butt_643,21,206078.43
644,John_Jones_644,48,89652.43
645,Usman_Ahmed_645,49,147250.71
646,Michael_Miller_646,39,71871.47
647,Ali_Johnson_647,65,175604.62
648,David_Ahmed_648,65,128197.52
649,Susan_Miller_649,20,153705.30
650,John_Hussain_650,64,169691.21
651,Ali_Iqbal_651,27,147882.09
652,Richard_Johnson_652,38,210797.42
653,Bilal_Smith_653,34,176280.58
654,Mariam_Iqbal_654,40,114155.78
655,Linda_Williams_655,37,63531.52
656,James_Hussain_656,53,199091.96
657,Thomas_Jones_657,58,144610.76
658,John_Malik_658,30,203338.44
659,Bilal_Sheikh_659,24,211734.88
660,Jessica_Iqbal_660,25,43883.99
661,Mary_Williams_661,32,87884.77
662,David_Davis_662,36,106190.79
663,Omar_Jones_663,44,97215.35
664,Hamza_Davis_664,31,237325.14
665,Charles_Sheikh_665,42,232266.23
666,Sana_Martinez_666,45,154646.58
667,Fatima_Davis_667,28,234730.95
668,Barbara_Williams_668,43,168149.01
669,Barbara_Raza_669,60,220972.47
670,Ayesha_Butt_670,24,76636.15
671,Elizabeth_Butt_671,21,118655.64
672,James_Brown_672,25,79195.18
673,David_Hussain_673,64,171013.86
674,Zainab_Butt_674,45,135457.98
675,Fatima_Miller_675,62,137153.62
676,Robert_Malik_676,61,212453.13
677,Jennifer_Miller_677,42,117705.87
678,Hamza_Williams_678,49,56787.62
679,John_Martinez_679,19,59736.58
680,Michael_Hussain_680,21,200879.20
681,Omar_Williams_681,38,98599.55
682,Omar_Khan_682,60,91105.58
683,Patricia_Sheikh_683,48,77528.40
684,James_Malik_684,46,110255.61
685,Robert_Davis_685,20,201767.55
686,Jennifer_Martinez_686,28,136612.35
687,Mariam_Iqbal_687,20,182907.75
688,William_Hussain_688,38,67546.25
689,Robert_Johnson_689,23,96720.53
690,Linda_Williams_690,26,182155.97
691,Mary_Malik_691,42,249273.31
692,Michael_Butt_692,29,78576.58
693,Elizabeth_Brown_693,47,145949.12
694,Fatima_Rodriguez_694,52,204260.60
695,Usman_Rodriguez_695,39,72816.95
696,David_Davis_696,43,135959.67
697,Hamza_Brown_697,53,199247.08
698,Omar_Smith_698,29,59436.82
699,Joseph_Rodriguez_699,18,87158.91
700,Sarah_Iqbal_700,50,71732.87
701,Thomas_Malik_701,28,32666.57
702,Fatima_Jones_702,48,73748.38
703,Hamza_Johnson_703,64,137327.89
704,Barbara_Williams_704,30,172139.83
705,Susan_Martinez_705,58,51578.17
706,Robert_Martinez_706,24,220225.29
707,Elizabeth_Jones_707,53,134723.99
708,Hamza_Davis_708,47,219104.35
709,Susan_Davis_709,55,226258.63
710,Patricia_Hussain_710,22,174912.27
711,Elizabeth_Qureshi_711,51,126272.69
712,John_Garcia_712,31,234670.16
713,Mary_Garcia_713,61,131525.04
714,Hamza_Malik_714,41,114996.76
715,Usman_Martinez_715,48,165065.39
716,Usman_Johnson_716,39,224141.08
717,Robert_Williams_717,53,142688.82
718,Susan_Raza_718,20,38364.81
719,John_Chaudhry_719,52,45858.55
720,Hamza_Johnson_720,23,37825.59
721,Omar_Khan_721,53,107715.31
722,Susan_Garcia_722,65,243564.99
723,Sana_Qureshi_723,49,70743.03
724,David_Brown_724,37,150915.53
725,Karen_Butt_725,54,88310.22
726,Richard_Smith_726,21,143224.67
727,Mariam_Sheikh_727,32,199229.09
728,Michael_Malik_728,64,176817.09
729,Michael_Smith_729,23,165302.85
730,Linda_Iqbal_730,21,241161.83
731,Jessica_Martinez_731,20,243067.53
732,Elizabeth_Iqbal_732,24,134353.94
733,Mariam_Williams_733,46,158132.98
734,Zainab_Chaudhry_734,42,165629.94
735,Karen_Brown_735,24,104418.85
736,Patricia_Qureshi_736,46,50902.57
737,Barbara_Davis_737,38,126669.10
738,Barbara_Malik_738,25,90234.09
739,Linda_Qureshi_739,23,73443.51
740,Joseph_Sheikh_740,18,248331.39
741,William_Raza_741,57,219501.40
742,Usman_Butt_742,30,149683.65
743,Linda_Malik_743,54,131318.69
744,Mariam_Butt_744,53,152718.91
745,Sana_Brown_745,49,69034.33
746,Elizabeth_Khan_746,54,89252.89
747,Omar_Khan_747,20,66259.26
748,Patricia_Williams_748,50,50211.59
749,Hamza_Hussain_749,28,141287.59
750,Robert_Butt_750,34,120951.62
751,Thomas_Iqbal_751,46,141839.32
752,Charles_Garcia_752,23,63345.26
753,Ali_Johnson_753,59,169984.10
754,Usman_Iqbal_754,38,65386.60
755,Susan_Ahmed_755,18,84269.35
756,Bilal_Chaudhry_756,60,91138.46
757,John_Brown_757,37,206015.61
758,Karen_Jones_758,32,193316.57
759,Ayesha_Butt_759,47,71365.44
760,Ali_Davis_760,36,148513.05
761,Thomas_Khan_761,18,197417.97
762,Fatima_Smith_762,57,32426.96
763,Michael_Chaudhry_763,63,110946.97
764,Ali_Miller_764,54,215233.48
765,Elizabeth_Martinez_765,60,249193.55
766,Patricia_Davis_766,36,171540.34
767,Ayesha_Iqbal_767,60,160469.75
768,Robert_Davis_768,49,30413.57
769,Ali_Brown_769,18,166309.65
770,Jennifer_Davis_770,26,115288.19
771,John_Rodriguez_771,46,135814.04
772,Jessica_Malik_772,52,52910.22
773,Sarah_Jones_773,44,153345.22
774,Mary_Malik_774,41,161861.17
775,Hamza_Malik_775,30,211510.87
776,Elizabeth_Martinez_776,48,62779.94
777,Mary_Raza_777,34,202677.33
778,Mariam_Chaudhry_778,28,211528.75
779,Jessica_Khan_779,39,62439.56
780,Patricia_Miller_780,53,81888.67
781,John_Davis_781,28,161609.56
782,Hamza_Chaudhry_782,54,191395.48
783,Zainab_Garcia_783,48,122674.57
784,Karen_Malik_784,41,69215.54
785,Patricia_Raza_785,37,214756.50
786,Bilal_Davis_786,53,239068.81
787,Sarah_Jones_787,26,109691.80
788,Mariam_Miller_788,25,184055.43
789,James_Ahmed_789,57,90075.58
790,Ali_Khan_790,62,202168.03
791,Omar_Johnson_791,30,124524.50
792,Michael_Sheikh_792,36,131581.22
793,Jennifer_Martinez_793,56,130801.11
794,Omar_Martinez_794,51,168857.54
795,John_Smith_795,52,139221.45
796,Zainab_Rodriguez_796,55,31546.42
797,Bilal_Johnson_797,25,164249.53
798,Patricia_Williams_798,37,232977.07
799,Karen_Martinez_799,63,45170.76
800,William_Johnson_800,20,37983.28
801,Linda_Garcia_801,29,229376.01
802,Sana_Jones_802,64,111665.56
803,Bilal_Rodriguez_803,39,200876.32
804,William_Johnson_804,25,217679.72
805,Mary_Smith_805,21,229416.24
806,Thomas_Williams_806,34,99341.69
807,Richard_Iqbal_807,34,227963.34
808,Linda_Smith_808,53,150630.53
809,Omar_Williams_809,44,236100.94
810,Barbara_Johnson_810,57,203296.86
811,Linda_Malik_811,53,245885.36
812,Mariam_Garcia_812,24,189534.26
813,Jennifer_Brown_813,45,132065.15
814,Elizabeth_Hussain_814,63,242818.36
815,David_Brown_815,23,63274.30
816,Ayesha_Jones_816,38,49544.85
817,Fatima_Raza_817,44,145146.00
818,Mariam_Williams_818,28,118875.13
819,Ayesha_Khan_819,21,185723.72
820,Thomas_Khan_820,47,79752.35
821,Susan_Butt_821,41,66470.40
822,Robert_Qureshi_822,49,77539.90
823,Ali_Johnson_823,40,120588.42
824,Susan_Raza_824,53,93929.26
825,Mary_Iqbal_825,42,207408.80
826,David_Martinez_826,64,204677.74
827,Sana_Martinez_827,27,86896.58
828,Usman_Brown_828,44,196853.50
829,Bilal_Iqbal_829,42,75073.88
830,Patricia_Sheikh_830,49,65556.36
831,Usman_Garcia_831,29,129272.66
832,Thomas_Hussain_832,54,152755.76
833,James_Ahmed_833,21,132064.90
834,David_Qureshi_834,31,115960.24
835,Joseph_Iqbal_835,23,174491.62
836,Susan_Butt_836,37,50549.75
837,Sana_Rodriguez_837,64,74828.62
838,Jennifer_Khan_838,22,108467.61
839,Sana_Iqbal_839,45,169608.13
840,Elizabeth_Iqbal_840,48,73084.98
841,Zainab_Sheikh_841,43,64750.06
842,Susan_Raza_842,44,66527.55
843,Elizabeth_Malik_843,59,229351.51
844,Usman_Garcia_844,26,141551.24
845,Robert_Ahmed_845,27,70529.47
846,David_Sheikh_846,53,210483.05
847,Robert_Miller_847,39,165365.56
848,Mariam_Johnson_848,59,55881.68